<?xml version="1.0" encoding="UTF-8" ?>
<!DOCTYPE mapper
PUBLIC "-//mybatis.org//DTD Mapper 3.0//EN"
"http://mybatis.org/dtd/mybatis-3-mapper.dtd">
<mapper namespace="com.skyon.project.system.mapper.TVariableCenterMapper">
    
    <resultMap type="TVariableCenter" id="TVariableCenterResult">
        <result property="variableId"    column="variable_id"    />
        <result property="variableName"    column="variable_name"    />
        <result property="variableNameEn"    column="variable_name_EN"    />
        <result property="variableType"    column="variable_type"    />
        <result property="description"    column="description"    />
        <result property="variableModelType"    column="variable_Model_Type"    />
        <result property="sourceDataTable"    column="source_data_table"    />
        <result property="dimensionTable"    column="dimension_table"    />

        <result property="statisticsGroup"    column="statistics_group"    />
        <result property="statisticsCountModel"    column="statistics_count_model"    />
        <result property="statisticsModel"    column="statistics_model"    />
        <result property="statisticsNum"    column="statistics_num"    />
        <result property="statisticsCycle"    column="statistics_cycle"    />
        <result property="statisticsConditionOption"    column="statistics_condition_option"    />
        <result property="statisticsConditions"    column="statistics_conditions"    />
        <result property="processModel"    column="process_model"    />
        <result property="processInputParams"    column="process_input_params"    />

        <result property="createTime"    column="create_time"    />
        <result property="modifyTime"    column="modify_time"    />
    </resultMap>

    <sql id="selectTVariableCenterVo">
        select variable_id, variable_name, variable_name_EN, variable_type, description,
         variable_Model_Type, source_data_table, dimension_table,
         statistics_group,statistics_count_model,statistics_model,statistics_num,statistics_cycle,
         statistics_condition_option,statistics_conditions,process_model,process_input_params,
          create_time, modify_time from t_variable_center
    </sql>

    <select id="selectTVariableCenterList" parameterType="TVariableCenter" resultMap="TVariableCenterResult">
        <include refid="selectTVariableCenterVo"/>
        <where>  
            <if test="variableName != null  and variableName != ''"> and variable_name like concat('%', #{variableName}, '%')</if>
            <if test="variableType != null  and variableType != ''"> and variable_type = #{variableType}</if>
            <if test="description != null  and description != ''"> and description like concat('%', #{description}, '%')</if>
        </where>
    </select>
    
    <select id="selectTVariableCenterById" parameterType="Long" resultMap="TVariableCenterResult">
        <include refid="selectTVariableCenterVo"/>
        where variable_id = #{variableId}
    </select>

    <insert id="insertTVariableCenter" parameterType="TVariableCenter" useGeneratedKeys="true" keyProperty="variableId">
        insert into t_variable_center
        <trim prefix="(" suffix=")" suffixOverrides=",">
            <if test="variableName != null  and variableName != ''">variable_name,</if>
            <if test="variableNameEn != null  and variableNameEn != ''">variable_name_EN,</if>
            <if test="variableType != null  and variableType != ''">variable_type,</if>
            <if test="description != null  and description != ''">description,</if>
            <if test="variableModelType != null  and variableModelType != ''">variable_Model_Type,</if>
            <if test="sourceDataTable != null  and sourceDataTable != ''">source_data_table,</if>
            <if test="dimensionTable != null  and dimensionTable != ''">dimension_table,</if>
            <if test="statisticsGroup != null  and statisticsGroup != ''">statistics_group,</if>
            <if test="statisticsCountModel != null  and statisticsCountModel != ''">statistics_count_model,</if>
            <if test="statisticsModel != null  and statisticsModel != ''">statistics_model,</if>
            <if test="statisticsNum != null  and statisticsNum != ''">statistics_num,</if>
            <if test="statisticsCycle != null  and statisticsCycle != ''">statistics_cycle,</if>
            <if test="statisticsConditionOption != null  and statisticsConditionOption != ''">statistics_condition_option,</if>
            <if test="statisticsConditions != null  and statisticsConditions != ''">statistics_conditions,</if>
            <if test="processModel != null  and processModel != ''">process_model,</if>
            <if test="processInputParams != null  and processInputParams != ''">process_input_params,</if>
            <if test="createTime != null ">create_time,</if>
            <if test="modifyTime != null ">modify_time,</if>
         </trim>
        <trim prefix="values (" suffix=")" suffixOverrides=",">
            <if test="variableName != null  and variableName != ''">#{variableName},</if>
            <if test="variableNameEn != null  and variableNameEn != ''">#{variableNameEn},</if>
            <if test="variableType != null  and variableType != ''">#{variableType},</if>
            <if test="description != null  and description != ''">#{description},</if>
            <if test="variableModelType != null  and variableModelType != ''">#{variableModelType},</if>
            <if test="sourceDataTable != null  and sourceDataTable != ''">#{sourceDataTable},</if>
            <if test="dimensionTable != null  and dimensionTable != ''">#{dimensionTable},</if>
            <if test="statisticsGroup != null  and statisticsGroup != ''">#{statisticsGroup},</if>
            <if test="statisticsCountModel != null  and statisticsCountModel != ''">#{statisticsCountModel},</if>
            <if test="statisticsModel != null  and statisticsModel != ''">#{statisticsModel},</if>
            <if test="statisticsNum != null  and statisticsNum != ''">#{statisticsNum},</if>
            <if test="statisticsCycle != null  and statisticsCycle != ''">#{statisticsCycle},</if>
            <if test="statisticsConditionOption != null  and statisticsConditionOption != ''">#{statisticsConditionOption},</if>
            <if test="statisticsConditions != null  and statisticsConditions != ''">#{statisticsConditions},</if>
            <if test="processModel != null  and processModel != ''">#{processModel},</if>
            <if test="processInputParams != null  and processInputParams != ''">#{processInputParams},</if>
            <if test="createTime != null ">#{createTime},</if>
            <if test="modifyTime != null ">#{modifyTime},</if>
         </trim>
    </insert>

    <update id="updateTVariableCenter" parameterType="TVariableCenter">
        update t_variable_center
        <trim prefix="SET" suffixOverrides=",">
            <if test="variableName != null  and variableName != ''">variable_name = #{variableName},</if>
            <if test="variableNameEn != null  and variableNameEn != ''">variable_name_EN = #{variableNameEn},</if>
            <if test="variableType != null  and variableType != ''">variable_type = #{variableType},</if>
            <if test="description != null  and description != ''">description = #{description},</if>
            <if test="variableModelType != null  and variableModelType != ''">variable_Model_Type = #{variableModelType},</if>
            <if test="sourceDataTable != null  and sourceDataTable != ''">source_data_table = #{sourceDataTable},</if>
            <if test="dimensionTable != null  and dimensionTable != ''">dimension_table = #{dimensionTable},</if>
            <if test="statisticsGroup != null  and statisticsGroup != ''">statistics_group = #{statisticsGroup},</if>
            <if test="statisticsCountModel != null  and statisticsCountModel != ''">statistics_count_model = #{statisticsCountModel},</if>
            <if test="statisticsModel != null  and statisticsModel != ''">statistics_model = #{statisticsModel},</if>
            <if test="statisticsNum != null  and statisticsNum != ''">statistics_num = #{statisticsNum},</if>
            <if test="statisticsCycle != null  and statisticsCycle != ''">statistics_cycle = #{statisticsCycle},</if>
            <if test="statisticsConditionOption != null  and statisticsConditionOption != ''">statistics_condition_option = #{statisticsConditionOption},</if>
            <if test="statisticsConditions != null  and statisticsConditions != ''">statistics_conditions = #{statisticsConditions},</if>
            <if test="processModel != null  and processInputParams != ''">process_Model = #{processInputParams},</if>
            <if test="processInputParams != null  and processInputParams != ''">process_Input_Params = #{processInputParams},</if>
            <if test="createTime != null ">create_time = #{createTime},</if>
            <if test="modifyTime != null ">modify_time = #{modifyTime},</if>
        </trim>
        where variable_id = #{variableId}
    </update>

    <delete id="deleteTVariableCenterById" parameterType="Long">
        delete from t_variable_center where variable_id = #{variableId}
    </delete>

    <delete id="deleteTVariableCenterByIds" parameterType="String">
        delete from t_variable_center where variable_id in 
        <foreach item="variableId" collection="array" open="(" separator="," close=")">
            #{variableId}
        </foreach>
    </delete>
    
</mapper>